epoch,train_loss,train_acc,train_macro_f1,val_loss,val_top1,val_macro_f1,val_balanced_acc,val_ece,lr_backbone_end,lr_head_end,time_train_s,time_val_s
1,1.4160311087602522,0.6072789634146342,0.4403570911418215,0.5096822381019592,0.8508997429305912,0.8012863726511802,0.7835712637950865,0.11806095735847706,0.0001,0.001,88.83588743209839,36.30635046958923
2,0.7990124051163836,0.8671875,0.8268675966018771,0.3272428810596466,0.9251642387889174,0.8959788925849443,0.901169864518706,0.11298880831451695,9.797464868072488e-05,0.0009797464868072487,59.27352499961853,9.887733697891235
3,0.6855122719596072,0.9167301829268293,0.8939083367147241,0.26288920640945435,0.9403027706369609,0.9179461912927442,0.9152566509774813,0.08533473896672844,9.206267664155907e-05,0.0009206267664155906,60.818856716156006,9.2407546043396
4,0.6361678260855559,0.9391196646341463,0.9221890247487577,0.22040694952011108,0.9525849757212225,0.9388544064935841,0.9223956048973281,0.0841296781359296,8.274303669726426e-05,0.0008274303669726426,62.10136699676514,9.14268946647644
5,0.6159189888616887,0.9473132621951219,0.9324893133971757,0.21473120152950287,0.9585832619251642,0.9453664273309837,0.9409678674826341,0.08806664872072728,7.077075065009433e-05,0.0007077075065009433,63.01449370384216,9.268794775009155
6,0.5917045048824171,0.9583650914634146,0.9467420635491881,0.19749878346920013,0.9654384461582405,0.9527639336292233,0.94935202608193,0.09094662373518271,5.7115741913664264e-05,0.0005711574191366427,63.46302318572998,9.224876165390015
7,0.571138355790115,0.9670350609756098,0.9575613427396603,0.1880733221769333,0.9688660382747787,0.9606831962864538,0.9499977001602107,0.0838321372854644,4.288425808633575e-05,0.0004288425808633575,63.59332895278931,9.578409910202026
8,0.5663684143162355,0.9686547256097561,0.9611223992549408,0.19075025618076324,0.9700085689802913,0.9593199560058849,0.9581320049699814,0.09542679895826986,2.9229249349905684e-05,0.0002922924934990568,63.442014932632446,9.461914539337158
9,0.5563943324292578,0.9733231707317073,0.9661591957976056,0.18244585394859314,0.9682947729220223,0.958627564613512,0.9541829402880457,0.08675720662325449,1.725696330273575e-05,0.0001725696330273575,63.51599717140198,9.30415153503418
10,0.5534806845755111,0.9734184451219512,0.9655776799244467,0.17959918081760406,0.9708654670094259,0.9616403381532912,0.9567701714903887,0.08762137370162157,7.937323358440935e-06,7.937323358440934e-05,63.5212984085083,9.316556930541992
11,0.5484248777715172,0.9762766768292683,0.9691615986226293,0.17669428884983063,0.9720079977149386,0.9637072429690487,0.959345649804503,0.08771851544155901,2.0253513192751373e-06,2.025351319275137e-05,63.43723821640015,9.151718616485596
12,0.5467956360520386,0.9758955792682927,0.9685507998638369,0.17665627598762512,0.9717223650385605,0.9630042985526787,0.9582354886705438,0.08567747010547992,0.0,0.0,63.461541175842285,8.884987115859985
