,train,val,test,all,paper_table1,diff_vs_paper,pct_all
Chinee Apple,675,225,226,1126,1125,1,6.430978353989376
Lantana,637,213,213,1063,1064,-1,6.0711634016791365
Parkinsonia,618,206,207,1031,1031,0,5.888400251299332
Parthenium,613,204,205,1022,1022,0,5.836998115255012
Prickly Acacia,637,212,213,1062,1062,0,6.065452053229768
Rubber Vine,605,202,202,1009,1009,0,5.762750585413216
Siam Weed,644,215,215,1074,1074,0,6.133988234622194
Snake Weed,609,203,204,1016,1016,0,5.802730024558798
Negatives,5463,1821,1822,9106,9106,0,52.007538979953175
