exp_id,method,model,K,space,val_macro_f1,val_top1,val_ece,val_nll,val_f1_chinee_apple,val_f1_snake_weed,lat_p50_ms,lat_p95_ms,lat_p99_ms,throughput_img_s,rel_cost_vs_I00,note
I00,1 view (center-crop),T15_seed0 (convnext_tiny),1,-,0.9637072429690487,0.9720079977149386,0.08738187859110803,0.17669681564601727,0.9251700680272109,0.9238329238329237,6.481311000243295,6.722644900492014,6.751321090323473,181.42061811944228,1.0,"Resize 293 -> CenterCrop 256, fp32"
I01,TTA lật ngang,T15_seed0 (convnext_tiny),2,prob,0.963220548317124,0.9717223650385605,0.08777342669358768,0.17557645534424063,0.9206349206349207,0.9287469287469287,11.87236849909823,12.027884599956451,12.241999680209119,84.22919151102457,1.8317850352579232,stacked batch 2; tuần tự p50 = 13.10 ms
I02a,TTA 5 crop,T15_seed0 (convnext_tiny),5,prob,0.9675483008525004,0.9751499571550986,0.09226064945158352,0.174897016957132,0.9366515837104072,0.9300000000000002,27.433488000497164,28.3769288998883,28.535558730600314,36.45179934763955,4.2327066236240425,"4 góc + giữa, crop 256 từ ảnh 293"
I02b,TTA 10 crop,T15_seed0 (convnext_tiny),10,prob,0.9675606029366275,0.9751499571550986,0.09218602509275597,0.1747626635513424,0.9366515837104072,0.9326683291770573,54.2696974998762,55.56600970003274,56.3275281598726,18.426489294551185,8.373259283166481,5 crop + bản lật
I02c,TTA nhiều tỉ lệ,T15_seed0 (convnext_tiny),3,prob,0.9672644141097035,0.9751499571550986,0.09707313518579663,0.1800389393792085,0.9414414414414414,0.9402985074626866,24.149347000275156,24.78582349986027,24.816207610747373,41.40898716593066,3.725997255704693,center-crop 256 + ảnh nguyên 293 + ảnh nguyên phóng 325
I03a,I01 gộp LOGIT,T15_seed0 (convnext_tiny),2,logit,0.963220548317124,0.9717223650385605,0.08718143601443173,0.1753218026927224,0.9206349206349207,0.9287469287469287,11.87236849909823,12.027884599956451,12.241999680209119,84.22919151102457,1.8317850352579232,"cùng view với I01, khác cách gộp"
I03b,I02a gộp LOGIT,T15_seed0 (convnext_tiny),5,logit,0.9670321537826491,0.9748643244787204,0.09007793236063312,0.173021753702733,0.9345372460496613,0.9300000000000002,27.433488000497164,28.3769288998883,28.535558730600314,36.45179934763955,4.2327066236240425,"cùng view với I02a, khác cách gộp"
I03c,I02b gộp LOGIT,T15_seed0 (convnext_tiny),10,logit,0.9675606029366275,0.9751499571550986,0.08919768987138153,0.17285242737265902,0.9366515837104072,0.9326683291770573,54.2696974998762,55.56600970003274,56.3275281598726,18.426489294551185,8.373259283166481,"cùng view với I02b, khác cách gộp"
I03d,I02c gộp LOGIT,T15_seed0 (convnext_tiny),3,logit,0.9666617323762079,0.9745786918023421,0.09341747523034936,0.17808939865909704,0.9390519187358917,0.9402985074626866,24.149347000275156,24.78582349986027,24.816207610747373,41.40898716593066,3.725997255704693,"cùng view với I02c, khác cách gộp"
I04_288,độ phân giải kiểm tra 288,T15_seed0 (convnext_tiny),1,-,0.9510685110186397,0.9608683233361897,0.08284587653827441,0.20802859811383195,0.8981481481481483,0.9132653061224489,7.8720329993302585,8.23215089903897,8.273432121204678,127.03198780862309,1.214574180907961,Resize 329 -> CenterCrop 288 (train 256)
I04_320,độ phân giải kiểm tra 320,T15_seed0 (convnext_tiny),1,-,0.9451152698858252,0.9560125678377607,0.08322239206216411,0.2132188780533891,0.9066059225512529,0.8984771573604061,9.826849499404489,10.12821039857954,10.246743618808978,101.76201437302977,1.5161823740653102,Resize 366 -> CenterCrop 320 (train 256)
I04_352,độ phân giải kiểm tra 352,T15_seed0 (convnext_tiny),1,-,0.9422682321697423,0.9528706083976007,0.08673949839725321,0.22556412260234476,0.9029345372460496,0.906801007556675,11.263137498644937,11.546369199641049,11.972957670695907,88.78520750726071,1.7377869227725906,Resize 402 -> CenterCrop 352 (train 256)
I05a,Ensemble 3 backbone tốt nhất (B),B05+B03+B04,3,-,0.9667315685131579,0.9768637532133676,0.015820623915819766,0.09053175466908155,0.9266055045871561,0.931372549019608,20.533362500827934,21.48832099937863,22.05564499987304,48.701229521452156,3.1680878297704207,trung bình xác suất; val logit lưu lúc train (AMP)
I05b,Ensemble 7 backbone,B05+B03+B04+B01+B02+B06+B07,7,-,0.9577976597981736,0.9697229363039132,0.12827053689378853,0.22339695030046816,0.9078014184397163,0.9211822660098522,,,,,,độ trễ ≈ tổng độ trễ từng model (không đo riêng)
I05c,Ensemble 3 seed (T00),T00 seed0+1+2,3,-,0.9608519162442555,0.9714367323621822,0.011033503682988017,0.10294442525151115,0.9181818181818181,0.9077669902912622,16.944545000114886,18.836959000327624,19.758540310504035,59.016043215867995,2.6143699938914864,"so với từng seed T00 riêng lẻ: 0.9557, 0.9533, 0.9526"
I06a,Trọng số EMA (T13) vs trọng số thường cùng lần chạy,T13_seed0,1,-,0.9542056766643818,,,,,,6.481311000243295,6.722644900492014,6.751321090323473,181.42061811944228,1.0,best raw val macro-F1 = 0.9557; best EMA = 0.9542; không tốn thêm lúc suy luận
I06b,Model soup đều 3 seed (T00),"soup(T00 seed0,1,2)",1,-,0.9199872274064167,0.93887460725507,0.04348323169326346,0.20583746979398126,0.8832951945080091,0.8846153846153847,6.481311000243295,6.722644900492014,6.751321090323473,181.42061811944228,1.0,"trung bình trọng số, đánh giá ở 224 như T00; từng seed T00: 0.9557, 0.9533, 0.9526; head mỗi seed khởi tạo khác nhau"
I07a,Temperature scaling trên I00,T15_seed0 (convnext_tiny),1,-,0.9637072429690487,0.9720079977149386,0.005161977266903496,0.10572194566730589,0.9251700680272109,0.9238329238329237,6.481311000243295,6.722644900492014,6.751321090323473,181.42061811944228,1.0,T = 0.627; ECE trước 0.0874; ECE chéo 2 nửa val 0.0050
I08a,1 view AMP,T15_seed0 (convnext_tiny),1,-,0.9637072429690487,0.9720079977149386,0.08740489461948561,0.17670486405868804,0.9251700680272109,0.9238329238329237,7.817508499101677,8.177670000986836,9.401212009470331,489.2027861908548,1.2061616081697397,0 ảnh val đổi nhãn so với FP32
I08b,1 view FP16,T15_seed0 (convnext_tiny),1,-,0.9637072429690487,0.9720079977149386,0.08769954590386395,0.1766923405137671,0.9251700680272109,0.9238329238329237,5.6747054995867074,6.221946799814759,6.379083910360357,601.3746786085821,0.8755490207727558,0 ảnh val đổi nhãn so với FP32
I08c,Gộp BN vào conv (FP32),B01_seed0 (resnet50; model chính không có BN),1,-,0.799294698656433,0.8557554984290203,0.014345024876256366,0.4219435617881656,0.6260869565217392,0.7216494845360825,4.877751000094577,5.1166801497856795,5.370559049515578,205.01251498500244,0.8340277078722497,53 cặp conv-BN; sai số logit lớn nhất 9.30e-05; chưa gộp p50 5.85 ms; gộp + FP16 p50 4.46 ms
