config,gpu,torch,cudnn_benchmark,dtype,batch,img_size,bn_fused,includes_preprocessing,p50,p95,p99,mean,std,n,warmup,images_per_s,k_views,mode,k_models
I00 1-view fp32,Tesla T4,2.11.0+cu128,True,fp32,1,256,False,False,6.481311000243295,6.722644900492014,6.751321090323473,6.520357779972983,0.09598819898681808,100,10,154.28977254176849,,,
I00 b32 fp32,Tesla T4,2.11.0+cu128,True,fp32,32,256,False,False,176.38568499933172,178.97465129963166,179.65172630003508,176.2538351398689,1.7880883150696611,50,10,181.42061811944228,,,
I01 hflip K=2 stacked,Tesla T4,2.11.0+cu128,True,fp32,1,256,False,False,11.87236849909823,12.027884599956451,12.241999680209119,11.841338869962783,0.13577147849139623,100,10,84.22919151102457,2.0,stacked,
I01 hflip K=2 sequential,Tesla T4,2.11.0+cu128,True,fp32,1,256,False,False,13.103098999636131,13.38344235000477,13.450317971146433,13.12555249005527,0.21903015765345782,100,10,76.3178237474791,2.0,sequential,
I02a 5-crop,Tesla T4,2.11.0+cu128,True,fp32,1,256,False,False,27.433488000497164,28.3769288998883,28.535558730600314,27.44538567008931,0.5472673927986669,100,10,36.45179934763955,5.0,stacked,
I02b 10-crop,Tesla T4,2.11.0+cu128,True,fp32,1,256,False,False,54.2696974998762,55.56600970003274,56.3275281598726,54.34659449005267,0.7866397322745969,100,10,18.426489294551185,10.0,stacked,
I02c multiscale,Tesla T4,2.11.0+cu128,True,fp32,1,256,False,False,24.149347000275156,24.78582349986027,24.816207610747373,24.208420000013575,0.32912186521375236,100,10,41.40898716593066,3.0,stacked,
I04 res288,Tesla T4,2.11.0+cu128,True,fp32,1,288,False,False,7.8720329993302585,8.23215089903897,8.273432121204678,7.925966860057088,0.13865921650507165,100,10,127.03198780862309,,,
I04 res320,Tesla T4,2.11.0+cu128,True,fp32,1,320,False,False,9.826849499404489,10.12821039857954,10.246743618808978,9.818096529961622,0.20041585266035333,100,10,101.76201437302977,,,
I04 res352,Tesla T4,2.11.0+cu128,True,fp32,1,352,False,False,11.263137498644937,11.546369199641049,11.972957670695907,11.315108970011352,0.16783962164698904,100,10,88.78520750726071,,,
"I05a ensemble ['B05', 'B03', 'B04']",Tesla T4,2.11.0+cu128,True,fp32,1,224/224/224,False,False,20.533362500827934,21.48832099937863,22.05564499987304,20.622667339939653,0.455900133168062,100,10,48.701229521452156,,,3.0
I05c ensemble T00 x3 seed,Tesla T4,2.11.0+cu128,True,fp32,1,224/224/224,False,False,16.944545000114886,18.836959000327624,19.758540310504035,17.3168351798995,0.7992685329517212,100,10,59.016043215867995,,,3.0
I08a amp b1,Tesla T4,2.11.0+cu128,True,amp,1,256,False,False,7.817508499101677,8.177670000986836,9.401212009470331,7.89906305994009,0.3199603036929072,100,10,127.91799332420446,,,
I08a amp b32,Tesla T4,2.11.0+cu128,True,amp,32,256,False,False,65.41254650073824,66.2944606993733,67.16658256911614,65.46757281990722,0.6107136779086877,50,10,489.2027861908548,,,
I08b fp16 b1,Tesla T4,2.11.0+cu128,True,fp16,1,256,False,False,5.6747054995867074,6.221946799814759,6.379083910360357,5.763891500009777,0.28705663201620546,100,10,176.22059859720133,,,
I08b fp16 b32,Tesla T4,2.11.0+cu128,True,fp16,32,256,False,False,53.21141900094517,56.09202905015991,56.25520986946867,53.28651568011992,1.7294392086058605,50,10,601.3746786085821,,,
I08c chưa gộp BN fp32 b1,Tesla T4,2.11.0+cu128,True,fp32,1,224,False,False,5.848428000717831,6.26326909978161,6.7997930091041825,5.907082229969092,0.245924587181025,100,10,170.9861179580668,,,
I08c gộp BN fp32 b1,Tesla T4,2.11.0+cu128,True,fp32,1,224,True,False,4.877751000094577,5.1166801497856795,5.370559049515578,4.9070940400633845,0.1201289167701583,100,10,205.01251498500244,,,
I08c gộp BN fp16 b1,Tesla T4,2.11.0+cu128,True,fp16,1,224,True,False,4.463481000129832,4.830929850504617,5.274292399572006,4.54025509998246,0.19001335990551627,100,10,224.04038461705392,,,
B01 resnet50,Tesla T4,2.11.0+cu128,True,fp32,1,224,False,False,5.831587000102445,6.316707949736156,6.61636905038904,5.889171970102325,0.18736269742235814,100,10,171.47990761047254,,,
B01 resnet50,Tesla T4,2.11.0+cu128,True,fp32,32,224,False,False,96.51259450038197,97.43166975031272,97.69884217021172,96.44328832007886,0.749394518570493,50,10,331.56294435617264,,,
B01 resnet50,Tesla T4,2.11.0+cu128,True,amp,1,224,False,False,7.3363130004509,7.742084749770584,8.702419340370401,7.418478439958562,0.29253416392422277,100,10,136.30825183420316,,,
B01 resnet50,Tesla T4,2.11.0+cu128,True,amp,32,224,False,False,42.537774999800604,42.84324169966567,43.211536449980485,42.51858749994426,0.24839073780181586,50,10,752.2725389409766,,,
B01 resnet50,Tesla T4,2.11.0+cu128,True,fp16,1,224,False,False,6.904961000145704,7.384955748784705,9.041529890455426,7.011191489873454,0.40460608433154926,100,10,144.82341029571327,,,
B01 resnet50,Tesla T4,2.11.0+cu128,True,fp16,32,224,False,False,42.7388725001947,42.98335075009163,42.99714654000127,42.69758572008868,0.21892990990202946,50,10,748.7329011745506,,,
B02 resnext50,Tesla T4,2.11.0+cu128,True,fp32,1,224,False,False,5.87572650056245,6.439748749471619,6.493387748723762,5.9480784498555295,0.18151409422143358,100,10,170.19172010546706,,,
B02 resnext50,Tesla T4,2.11.0+cu128,True,fp32,32,224,False,False,125.4529679999905,126.41609120082649,126.88953353057514,125.3643279800599,0.7590473943833815,50,10,255.07567106744276,,,
B02 resnext50,Tesla T4,2.11.0+cu128,True,amp,1,224,False,False,7.381998999335337,11.132856799940782,13.360685130355712,7.838347069973679,1.2774412935447603,100,10,135.4646620908562,,,
B02 resnext50,Tesla T4,2.11.0+cu128,True,amp,32,224,False,False,53.08603800040146,53.56141995098369,53.673830500774784,53.08737324005051,0.3011328639200347,50,10,602.7950324670679,,,
B02 resnext50,Tesla T4,2.11.0+cu128,True,fp16,1,224,False,False,6.804858999203134,7.174214849783311,7.239606609109616,6.864389380043576,0.15157819493063493,100,10,146.95381640047245,,,
B02 resnext50,Tesla T4,2.11.0+cu128,True,fp16,32,224,False,False,53.832304499337624,54.22563009951773,54.38887685049849,53.83100203991489,0.3125102558871622,50,10,594.4386051760749,,,
B03 convnext_tiny,Tesla T4,2.11.0+cu128,True,fp32,1,224,False,False,5.684820999704243,5.865796299440262,5.986059360730001,5.69076273992323,0.17098036067685277,100,10,175.90703384539736,,,
B03 convnext_tiny,Tesla T4,2.11.0+cu128,True,fp32,32,224,False,False,135.50937099989824,137.80828800026939,138.11507584043284,135.52723798009538,1.2190345062205745,50,10,236.14603007805292,,,
B03 convnext_tiny,Tesla T4,2.11.0+cu128,True,amp,1,224,False,False,8.22668650016567,10.276786399208504,10.72205543930977,8.574906670000928,0.8631872528594678,100,10,121.55562266531756,,,
B03 convnext_tiny,Tesla T4,2.11.0+cu128,True,amp,32,224,False,False,50.524969000434794,51.68296900092173,51.951608700801444,50.51624648018333,0.6579795803688789,50,10,633.3502154098229,,,
B03 convnext_tiny,Tesla T4,2.11.0+cu128,True,fp16,1,224,False,False,5.453157500596717,5.898503200296545,6.864466859224195,5.525803860073211,0.2429999497095587,100,10,183.37999588139056,,,
B03 convnext_tiny,Tesla T4,2.11.0+cu128,True,fp16,32,224,False,False,40.44047549996321,41.10733770094157,41.211426140253025,40.43058991996077,0.3935050615720024,50,10,791.2864427132937,,,
B04 deit_small,Tesla T4,2.11.0+cu128,True,fp32,1,224,False,False,5.251574500107381,5.569059800109244,5.8088094501908945,5.2992812698903435,0.16534872368904946,100,10,190.4190828825817,,,
B04 deit_small,Tesla T4,2.11.0+cu128,True,fp32,32,224,False,False,114.1913415003728,116.54401359883195,117.17590479054707,114.17113161984162,1.43803678924555,50,10,280.23140440902455,,,
B04 deit_small,Tesla T4,2.11.0+cu128,True,amp,1,224,False,False,6.458445999669493,6.968613800472667,7.177678239568207,6.556432399847836,0.3546373267228246,100,10,154.83600854620047,,,
B04 deit_small,Tesla T4,2.11.0+cu128,True,amp,32,224,False,False,30.604377000599925,31.080076900798304,31.28720025957591,30.635323200112907,0.31508924408210315,50,10,1045.602071866149,,,
B04 deit_small,Tesla T4,2.11.0+cu128,True,fp16,1,224,False,False,4.576324499794282,4.958991348394193,5.046435430103884,4.631431009911466,0.1430870644366182,100,10,218.5159728172582,,,
B04 deit_small,Tesla T4,2.11.0+cu128,True,fp16,32,224,False,False,26.97444749992428,27.37819559924901,27.48176741970383,26.912437139981193,0.2600905188885647,50,10,1186.3078937980038,,,
B05 swin_tiny,Tesla T4,2.11.0+cu128,True,fp32,1,224,False,False,10.909203499977593,11.580603500260622,12.861478739632734,10.691458249966672,0.7631794409966054,100,10,91.66572060023024,,,
B05 swin_tiny,Tesla T4,2.11.0+cu128,True,fp32,32,224,False,False,155.71986400027527,158.28122044922566,158.5183124597279,155.82741043992428,1.2631067653297483,50,10,205.49722545316013,,,
B05 swin_tiny,Tesla T4,2.11.0+cu128,True,amp,1,224,False,False,12.392119500873378,13.424827598555567,14.502054489403237,12.522900250023667,0.563715600426001,100,10,80.69644582829608,,,
B05 swin_tiny,Tesla T4,2.11.0+cu128,True,amp,32,224,False,False,71.6243899996698,72.42156454976794,72.55316521937857,71.66895489997842,0.519103501024935,50,10,446.77518370694014,,,
B05 swin_tiny,Tesla T4,2.11.0+cu128,True,fp16,1,224,False,False,10.000712000874046,10.70685020122255,11.051632430608155,10.131059269842808,0.33200953114968806,100,10,99.99288049816869,,,
B05 swin_tiny,Tesla T4,2.11.0+cu128,True,fp16,32,224,False,False,58.71713899978204,59.394212249571865,59.67718676018194,58.71697738002695,0.4744710664862793,50,10,544.9856812696338,,,
B06 efficientnet_b0,Tesla T4,2.11.0+cu128,True,fp32,1,224,False,False,8.233061500504846,8.776150900575885,9.96876095054177,8.313947500100767,0.4087410372426719,100,10,121.46150006758491,,,
B06 efficientnet_b0,Tesla T4,2.11.0+cu128,True,fp32,32,224,False,False,37.60572850023891,37.90777719941616,37.947340580467426,37.599939399988216,0.2052406357054725,50,10,850.9341867900978,,,
B06 efficientnet_b0,Tesla T4,2.11.0+cu128,True,amp,1,224,False,False,10.194548999606923,10.65217784998822,11.672384459780005,10.267397289990186,0.2902184334510841,100,10,98.09163701489469,,,
B06 efficientnet_b0,Tesla T4,2.11.0+cu128,True,amp,32,224,False,False,21.639295999193564,21.86697985025603,21.87666372050444,21.609262860001763,0.22905509614111264,50,10,1478.7911769954324,,,
B06 efficientnet_b0,Tesla T4,2.11.0+cu128,True,fp16,1,224,False,False,9.06389349984238,9.483833551439602,10.807002010151336,9.144022870059416,0.30758654004200753,100,10,110.32786296721049,,,
B06 efficientnet_b0,Tesla T4,2.11.0+cu128,True,fp16,32,224,False,False,21.981332999530423,22.2985712006448,22.446481109946035,22.007484860077966,0.1526117194475477,50,10,1455.7806844873148,,,
B07 mobilenetv3,Tesla T4,2.11.0+cu128,True,fp32,1,224,False,False,6.24657499975001,6.690595000782196,6.992095000441623,6.278064620164514,0.22843933756087734,100,10,160.08772808139187,,,
B07 mobilenetv3,Tesla T4,2.11.0+cu128,True,fp32,32,224,False,False,21.75462049945054,22.032775000570837,22.0705875994463,21.795389379876724,0.15637145280911796,50,10,1470.9518835692045,,,
B07 mobilenetv3,Tesla T4,2.11.0+cu128,True,amp,1,224,False,False,8.613366000645328,11.885280349815728,15.007162040419644,9.03055285987648,1.3844464535876806,100,10,116.09863088658699,,,
B07 mobilenetv3,Tesla T4,2.11.0+cu128,True,amp,32,224,False,False,12.69586150010582,12.882187150626123,12.890188410710834,12.728116140060592,0.09624814970134697,50,10,2520.5063870406334,,,
B07 mobilenetv3,Tesla T4,2.11.0+cu128,True,fp16,1,224,False,False,7.696343999668898,8.408694849276799,8.611853590064134,7.772077899917349,0.3465482061700579,100,10,129.93182217985847,,,
B07 mobilenetv3,Tesla T4,2.11.0+cu128,True,fp16,32,224,False,False,12.963338499503152,13.136281749848422,13.160420199928922,12.96794163998129,0.10277098992416624,50,10,2468.499916223469,,,
B08 dinov2_small,Tesla T4,2.11.0+cu128,True,fp32,1,224,False,False,6.4374719995612395,6.725011899379751,7.1629726097489765,6.470917790011299,0.15687091455758798,100,10,155.34048149151675,,,
B08 dinov2_small,Tesla T4,2.11.0+cu128,True,fp32,32,224,False,False,149.12589699997625,152.28863295060364,152.66459231952467,149.32889054009138,1.709743911154945,50,10,214.58378889083963,,,
B08 dinov2_small,Tesla T4,2.11.0+cu128,True,amp,1,224,False,False,7.320677499592421,7.926119901367201,8.938409680758925,7.380943780008238,0.3673585674919036,100,10,136.59937895852877,,,
B08 dinov2_small,Tesla T4,2.11.0+cu128,True,amp,32,224,False,False,45.354123501056165,46.05713145037953,46.15602503079572,45.43708010012779,0.3393170709142857,50,10,705.5587789995503,,,
B08 dinov2_small,Tesla T4,2.11.0+cu128,True,fp16,1,224,False,False,5.380343000069843,5.823923448951973,6.035390759825534,5.425334999963525,0.2374757619370914,100,10,185.8617563949025,,,
B08 dinov2_small,Tesla T4,2.11.0+cu128,True,fp16,32,224,False,False,40.298486999745364,42.33698414927858,42.86424069043278,40.42725314007839,0.9565824225463739,50,10,794.0744772924651,,,
